<?xml version="1.0" encoding="UTF-8"?>
<beans xmlns="http://www.springframework.org/schema/beans"
	xmlns:xsi="http://www.w3.org/2001/XMLSchema-instance"
	xmlns:context="http://www.springframework.org/schema/context"
	xmlns:mybatis-spring="http://mybatis.org/schema/mybatis-spring"
	xsi:schemaLocation="http://mybatis.org/schema/mybatis-spring http://mybatis.org/schema/mybatis-spring-1.2.xsd
		http://www.springframework.org/schema/beans https://www.springframework.org/schema/beans/spring-beans.xsd
		http://www.springframework.org/schema/context http://www.springframework.org/schema/context/spring-context-4.3.xsd">
	
	<!-- Root Context: defines shared resources visible to all other web components -->
	<bean id="hikariConfig" class="com.zaxxer.hikari.HikariConfig">
		<!--  
		<property name="driverClassName" value="oracle.jdbc.driver.OracleDriver"/>
		<property name="jdbcUrl" value="jdbc:oracle:thin:@localhost:1521:XE" />
		-->
		<property name="driverClassName" value="net.sf.log4jdbc.sql.jdbcapi.DriverSpy"/>
		<property name="jdbcUrl" value="jdbc:log4jdbc:mysql://localhost:3306/amusement?useUnicode=true" />
		<property name="username" value="root" />
		<property name="password" value="rpass" />
	</bean>
	<bean id="dataSource" class="com.zaxxer.hikari.HikariDataSource" destroy-method="close">
		<constructor-arg ref="hikariConfig" />
	</bean>
	<bean id="sqlSessionFactory" class="org.mybatis.spring.SqlSessionFactoryBean">
		<property name="dataSource" ref="dataSource"></property>
		<property name="configLocation"
			value="classpath:/mybatis-config.xml" />
	</bean>
	<bean id="sqlSessionTemplate"
		class="org.mybatis.spring.SqlSessionTemplate">
		<constructor-arg index="0" ref="sqlSessionFactory" />
	</bean>
	
	<context:component-scan base-package="org.zerock.sample" />
	<context:component-scan base-package="org.exiting.board" />
	<mybatis-spring:scan base-package="org.zerock.mapper"/>
	
		
</beans>
