<?xml version="1.0" encoding="UTF-8"?>
<!DOCTYPE mapper PUBLIC "-//mybatis.org//DTD Mapper 3.0//EN" "http://mybatis.org/dtd/mybatis-3-mapper.dtd">
<mapper namespace="amusement">

	<select id="select_list" resultType="amusementAimageDTO" parameterType="hashmap">
		<![CDATA[
			SELECT am.amuse_id, am.a_name, am.a_country, am.a_time, ai.url 
	 		FROM amusement AS am INNER JOIN aimage AS ai ON am.amuse_id = ai.amuse_id 
			WHERE 1 = 1 
		]]>
		<if test='searchName != null and searchName != ""'>
			<![CDATA[
				and am.a_name like CONCAT('%', #{searchName}, '%') 
			]]>
 		</if>
		<if test='searchCountry != null and searchCountry != ""'>
			<choose>
	    	<when test='searchCountry == "대한민국"'> 	and am.a_country = '대한민국'   </when>
	    	<when test='!(searchCountry == "대한민국")'> and am.a_country != '대한민국'  </when>
			</choose>
		</if>
			GROUP BY am.amuse_id 
		<choose>
	   	<when test='order != null and order != ""'> 
		   	<choose>
			   	<when test='order == "최신순"'> ORDER BY am.a_opening DESC </when>
			   	<when test='order == "인기순"'> ORDER BY am.a_view DESC  </when>
		   	</choose>
	   	</when>
	   	<otherwise> ORDER BY am.amuse_id DESC </otherwise>
		</choose>
			LIMIT #{start},#{end} 
		
	</select>
	
	<select id="select_list_amuse_info_korea" resultType="amusementAimageDTO">
		<![CDATA[
			SELECT am.amuse_id, am.a_name, am.a_country, am.a_time, ai.url 
 			FROM amusement AS am INNER JOIN aimage AS ai ON am.amuse_id = ai.amuse_id 
 			WHERE am.a_country = '대한민국' 
			GROUP BY am.amuse_id 
			ORDER BY RAND() LIMIT 4 
		]]>
	</select>
	
	<select id="select_list_amuse_info_foreign" resultType="amusementAimageDTO">
		<![CDATA[
			SELECT am.amuse_id, am.a_name, am.a_country, am.a_time, ai.url 
 			FROM amusement AS am INNER JOIN aimage AS ai ON am.amuse_id = ai.amuse_id 
 			WHERE am.a_country != '대한민국' 
			GROUP BY am.amuse_id 
			ORDER BY RAND() LIMIT 4 
		]]>
	</select>
	
	<select id="select_total_count" resultType="int" parameterType="hashmap">
		<![CDATA[
			SELECT COUNT(DISTINCT am.amuse_id) AS cnt 
			FROM amusement AS am INNER JOIN aimage AS ai ON am.amuse_id = ai.amuse_id 
			where 1 = 1 
		]]>
		<if test='searchName != null and searchName != ""'>
			<![CDATA[
				and am.a_name like CONCAT('%', #{searchName}, '%') 
			]]>
 		</if>
		<if test='searchCountry != null and searchCountry != ""'>
			<choose>
	    	<when test='searchCountry == "대한민국"'> 	and am.a_country = '대한민국'   </when>
	    	<when test='!(searchCountry == "대한민국")'> and am.a_country != '대한민국'  </when>
			</choose>
		</if>
	</select>
	
</mapper>