<?xml version="1.0" encoding="UTF-8"?>
<!DOCTYPE mapper PUBLIC "-//mybatis.org//DTD Mapper 3.0//EN" "http://mybatis.org/dtd/mybatis-3-mapper.dtd">
<mapper namespace="board">

	<select id="boardList" parameterType="hashmap" resultType="hashmap">
		<![CDATA[
			SELECT COUNT(reply_num) AS cnt, b.favorite,b.board_id,b.b_title,b.member_id,b.postdate,b.visitcount,b.b_type 
			FROM board b
			LEFT JOIN boardreply r ON b.board_id = r.board_id WHERE 1=1		]]>
			
		<if test="select == 'b_title'">
			and b_title like CONCAT('%',#{search},'%')
		</if>
		
		<if test="select == 'b_content'">
			and b_content like CONCAT('%',#{search},'%')
		</if>
		
		<if test="select == 'member_id'">
			and member_id like CONCAT('%',#{search},'%')
		</if>
		
		
		<choose>
			<when test="b_type==1">
				<![CDATA[and b_type='국내']]>
			</when>
			
			<when test="b_type==2">
				<![CDATA[and b_type='해외']]>
			</when>
			
			<when test="b_type==3">
				<![CDATA[and b_type='질문']]>
			</when>
			
			<when test="b_type==4">
				<![CDATA[and b_type='자유']]>
			</when>
		</choose>
		
			GROUP BY b.board_id
			order by board_id desc 
			limit ${start},${end}
	</select>
	
	<select id="getComment" parameterType="hashmap" resultType="hashmap">
		<if test="commentPagingCheck == null">
			<![CDATA[
				select count(reply_num) as cnt from boardReply 
				where board_id = #{board_id};
			]]>
		</if>
		
		<if test="commentPagingCheck != null">
			<![CDATA[
				select board_id,member_id,b_reply,postdate,reply_num,ref,seq from boardReply 
				where board_id = #{board_id} order by ref limit ${start},${end}
			]]>
		</if>
		
	</select>
	
	<select id="boardView" parameterType="hashmap" resultType="hashmap">
		<![CDATA[
			select*from board 
		]]>
		
		<if test="board_id != null">
			where board_id=#{board_id}		
		</if>
		
		<if test="board_id == null">
			order by board_id desc limit 1
		</if>
	</select>
	
	<select id="favoriteBoard" parameterType="hashmap" resultType="hashmap">
		<![CDATA[
			select board_id,member_id,favorite,hate from favoriteBoard where board_id=#{board_id} and member_id=#{member_id} 
		]]>
	</select>
	
	
	<select id="boardImgSelect" parameterType="hashmap" resultType="hashmap">
		
			<if test="boardImg_num ==null">
				select * from boardImg where board_id = #{board_id}	
			</if>
			<if test="boardImg_num !=null">
					select * from boardImg where boardImg_num = #{boardImg_num}	
			</if>
		
	</select>
	
	<select id="boardCnt" parameterType="hashmap" resultType="hashmap">
		<![CDATA[
			select count(board_id) as cnt from board where 1=1
			
		]]>
		
			<if test="select == 'b_title'">
				and b_title like CONCAT('%',#{search},'%')
			</if>
		
			<if test="select == 'b_content'">
				and b_content like CONCAT('%',#{search},'%')
			</if>
		
			<if test="select == 'member_id'">
				and member_id like CONCAT('%',#{search},'%')
			</if>
			
			<choose>
			<when test="b_type==1">
				<![CDATA[and b_type='국내']]>
			</when>
			
			<when test="b_type==2">
				<![CDATA[and b_type='해외']]>
			</when>
			
			<when test="b_type==3">
				<![CDATA[and b_type='질문']]>
			</when>
			
			<when test="b_type==4">
				<![CDATA[and b_type='자유']]>
			</when>
			
		</choose>
	</select>
	
	
	<select id="boardReplyCnt" parameterType="hashmap"  resultType="hashmap">
		<![CDATA[
			select count(reply_num) as cnt from boardreply where board_id=#{board_id}  
		]]>
	</select>
	
	
	
	
	
	<insert id="boardInsert" parameterType="hashmap" useGeneratedKeys="true" keyProperty="board_id">
		<![CDATA[
			insert into board (b_title,b_content,b_type,member_id)
			values(#{b_title},#{b_content},#{b_type},#{member_id})
		]]>
	</insert>
	
	
	<insert id="boardImgInsert" parameterType="hashmap">
		<![CDATA[
			insert into boardImg (board_id,boardImg)
			values(#{board_id},#{boardImg})
		]]>
	</insert>
	
	<insert id="replyInsert" parameterType="hashmap" useGeneratedKeys="true" keyProperty="reply_num">
		<![CDATA[
			insert into boardReply(board_id,member_id,b_reply)
			values(#{board_id},#{member_id},#{b_reply})
		]]>
			
			
	</insert>
	
	<insert id="re_replyInsert" parameterType="hashmap">
	
	    
	      
		<![CDATA[
			insert into boardReply(board_id,member_id,b_reply,ref,seq)
			values(#{board_id},#{member_id},#{b_reply},#{ref},#{seq}+1)
		]]>
				
	</insert>
	
	<insert id="intsertFavoriteBoard" parameterType="hashmap">
		<![CDATA[insert into favoriteBoard (board_id,member_id,favorite)]]>
		<if test="data == 1">
			
			values(#{board_id},#{member_id},#{data})
		</if>
		
		<if test="data == 2">
			values(#{board_id},#{member_id},#{data})
		</if>
				
	</insert>
	
	
	
	<update id="updateBoard" parameterType="hashmap">
		<![CDATA[
			update board set 
		]]>
		<if test="b_title != null">
			b_title=#{b_title},b_content=#{b_content}
		</if>
		
		<if test="data!=null">
		
			<if test="data ==1">
				favorite = favorite +1
			</if>
			
			<if test="data ==2">
				hate = hate +1
			</if>
			
			<if test="data ==3">
				favorite = favorite -1
			</if>
			
			<if test="data ==4">
				hate = hate -1
			</if>
		</if>
		
		<![CDATA[
			where board_id=#{board_id}
		]]>
	</update>
	
	<update id="boardVisit" parameterType="hashmap">
		<![CDATA[
			update board set visitcount=visitcount+1 where board_id=#{board_id}
		]]>
	</update>
	
	<update id="replyUpdate">
	
		<selectKey resultType="hashmap" keyProperty="reply_num,board_id,seq,ref" order="BEFORE">
		<if test="refcheck!=null">
	       	SELECT board_id,reply_num,seq,ref FROM boardreply where reply_num = #{reply_num}
		</if>
		<if test="refcheck==null">
	       	SELECT board_id,ref,seq FROM boardreply where ref=#{ref} and seq=#{seq}
		</if>
	    </selectKey>  
	    
		<if test="refcheck==null">
			update boardreply set b_reply=#{b_reply} where ref=#{ref} and seq=#{seq}
		</if>
		
		<if test="refcheck!=null">
			update boardreply set ref=#{reply_num} where reply_num=#{reply_num}
		</if>
		
	</update>
	
	
	
	
	
	
	
	<delete id="deleteBoard">
		<![CDATA[
			delete from board where board_id=#{board_id}
		]]>
	</delete>
	
	<delete id="replyDelete">
	
	<if test="board_id==null">
		<![CDATA[
			delete from boardreply where reply_num=#{reply_num}
		]]>
	</if>
	<if test="board_id!=null">
		<![CDATA[
			delete from boardreply where reply_num=#{reply_num}
		]]>
	</if>
	</delete>
	
	<delete id="deleteBoardImg">
		<![CDATA[
			delete from boardImg where boardImg_num=#{boardImg_num} 
		]]>
	</delete>
	
	<delete id="deleteFavoriteBoard">
		<![CDATA[
			delete from favoriteBoard where board_id=#{board_id} and member_id=#{member_id}
		]]>
	</delete>
	
	
	
	
</mapper>

