<?xml version="1.0" encoding="UTF-8"?>
<!DOCTYPE mapper PUBLIC "-//mybatis.org//DTD Mapper 3.0//EN" "http://mybatis.org/dtd/mybatis-3-mapper.dtd">
<mapper namespace="selected">
	<insert id="insert" parameterType="selectedDTO">
		<![CDATA[
			insert into selected(amuse_id,member_id) 
			values(#{amuse_id},#{member_id})
		]]>
	</insert>
	<delete id="delete" parameterType="selectedDTO">
		delete from selected 
		where amuse_id = #{amuse_id} and member_id = #{member_id} 
	</delete>
	
	<select id="check" parameterType="selectedDTO" resultType="int">
		SELECT count(*) 
		FROM selected 
		WHERE member_id = #{member_id} and amuse_id = #{amuse_id} 
	</select>
	
	<select id="select" parameterType="hashmap" resultType="amusementAimageDTO">
		SELECT s.amuse_id, am.a_name, am.a_country, am.a_time, ai.url 
		FROM selected AS s INNER JOIN amusement AS am INNER JOIN aimage AS ai 
		ON s.amuse_id = am.amuse_id AND am.amuse_id = ai.amuse_id
		WHERE s.member_id = #{member_id}
		<if test='searchName != null and searchName != ""'>
			<![CDATA[
				and am.a_name like CONCAT('%', #{searchName}, '%') 
			]]>
 		</if>
 		<if test='searchCountry != null and searchCountry != ""'>
			<choose>
	    	<when test='searchCountry == "대한민국"'> 	and am.a_country = '대한민국'   </when>
	    	<when test='!(searchCountry == "대한민국")'> and am.a_country != '대한민국'  </when>
			</choose>
		</if>
		GROUP BY s.amuse_id
		<choose>
	   	<when test='order != null and order != ""'> 
		   	<choose>
			   	<when test='order == "최신순"'> ORDER BY am.a_opening DESC </when>
			   	<when test='order == "인기순"'> ORDER BY am.a_view DESC  </when>
		   	</choose>
	   	</when>
	   	<otherwise> ORDER BY am.amuse_id DESC </otherwise>
		</choose>
			LIMIT #{start},#{end} 
	</select>
	
	<select id="select_test" parameterType="hashmap" resultType="selectedAmusementAimageDTO">
		SELECT s.selected_id ,s.amuse_id, am.a_name, am.a_country, am.a_time, ai.url 
		FROM selected AS s INNER JOIN amusement AS am INNER JOIN aimage AS ai 
		ON s.amuse_id = am.amuse_id AND am.amuse_id = ai.amuse_id 
		WHERE s.member_id = #{member_id} 
		<if test='selected_id != null and selected_id != ""'>
			<![CDATA[	and s.selected_id < #{selected_id} ]]>
		</if>
		GROUP BY s.amuse_id 
		ORDER BY s.selected_id DESC 
		LIMIT #{limitCount} 
	</select>
	
	<select id="count" parameterType="hashmap" resultType="int">
		SELECT COUNT(DISTINCT s.amuse_id) AS cnt 
		FROM selected AS s INNER JOIN amusement AS am INNER JOIN aimage AS ai 
		ON s.amuse_id = am.amuse_id AND am.amuse_id = ai.amuse_id 
		WHERE s.member_id = #{member_id} 
		<if test='searchName != null and searchName != ""'>
			<![CDATA[
				and am.a_name like CONCAT('%', #{searchName}, '%') 
			]]>
 		</if>
		<if test='searchCountry != null and searchCountry != ""'>
			<choose>
	    	<when test='searchCountry == "대한민국"'> 	and am.a_country = '대한민국'   </when>
	    	<when test='!(searchCountry == "대한민국")'> and am.a_country != '대한민국'  </when>
			</choose>
		</if>
	</select>
	
	<select id="count_test" parameterType="hashmap" resultType="int">
		SELECT COUNT( DISTINCT s.amuse_id ) AS cnt
		FROM selected AS s INNER JOIN amusement AS am INNER JOIN aimage AS ai  
		ON s.amuse_id = am.amuse_id AND am.amuse_id = ai.amuse_id   
		WHERE s.member_id = #{member_id} 
		<if test='selected_id != null and selected_id != ""'> 
			<![CDATA[	and s.selected_id < #{selected_id} ]]> 
		</if> 
	</select>

</mapper>